Time,slam_gmapping_CPU,slam_gmapping_RAM,ekf_localization_CPU,ekf_localization_RAM,robot_state_publisher_CPU,robot_state_publisher_RAM,Total_CPU,Total_RAM
5.7697296142578125e-05,0.0,382.72265625,0.0,19.921875,0.0,23.5625,0.0,426.20703125
1.0135736465454102,5.1,382.72265625,5.1,19.921875,6.1,23.5625,16.299999999999997,426.20703125
2.0408010482788086,6.8,382.72265625,6.8,19.921875,4.9,23.5625,18.5,426.20703125
3.073784112930298,5.7,382.72265625,5.7,19.921875,5.7,23.5625,17.1,426.20703125
4.087061882019043,5.1,382.72265625,6.1,19.921875,4.0,23.5625,15.2,426.20703125
5.123594760894775,6.7,382.72265625,5.7,19.921875,4.8,23.5625,17.2,426.20703125
6.131386041641235,4.9,382.72265625,6.9,19.921875,5.9,23.5625,17.700000000000003,426.20703125
7.148221015930176,6.9,382.72265625,5.9,19.921875,4.9,23.5625,17.700000000000003,426.20703125
8.161161661148071,5.9,382.72265625,5.9,19.921875,5.9,23.5625,17.700000000000003,426.20703125
